title,selftext,created_utc,over_18,subreddit
"CHECK-IN WEDNESDAY ‚úÖ- January 10, 2024","How are you feeling so far this week? Let us know how you're doing. 

Share as much or as little as you're comfortable with (within the rule guidelines).

[View Poll](https://www.reddit.com/poll/192txl9)",2024-01-10T01:00:45,False,bipolar
"CHECK-IN WEDNESDAY ‚úÖ- January 24, 2024","How are you feeling so far this week? Let us know how you're doing. 

Share as much or as little as you're comfortable with (within the rule guidelines).

[View Poll](https://www.reddit.com/poll/19e34ms)",2024-01-24T01:00:47,False,bipolar
Why is the suicide of a person suffering from mental illness such a big deal?,"First: I'm not suicidal or anything I was just thinking about this question.

If someone has an organic disease and it is a certainty that they will suffer for a long time, even if they would have some better phases, then everybody is okay for putting them to sleep forever. 

But if it's a mental illness it's okay to let them suffer (in most countries). 
So why can't people accept that a mentally ill person who has suffered for like 10 years for example and who lives a miserable life decides to free herself from suffering if no doctor will do it? Why do people see this as a tragedy? Why can't they just be like ""it's better like that, he/she was suffering too much""?

I'm not talking about people who experience their first depression and have a suicidal ""raptus"" which is truly a tragedy.",2024-01-25T22:28:52,True,bipolar
I wish I would get sick and die...,"...and I feel really messed up for even having a thought like this. I keep having intrusive thoughts that I get really sick and die of a physical illness, and it gives me a sense of comfort, which then makes me feel like a terrible person. 

Literally so many people are actually suffering from illnesses and I wouldn't wish that for anyone. I feel messed up for even thinking I would want something like that to happen to me. What is wrong with me?!",2024-01-25T23:46:48,False,bipolar
Just searched my house with a knife,"I'm currently having a manic episode that's slowly getting worse. I was sitting in my room downstairs and I started hearing walking upstairs. I listened closer and thought I could hear muffled talking too, but I couldn't make out what they were saying. I'm home alone and this rightfully freaked me the fuck out, so I grabbed my taser and a knife and set out to confront them.

I searched everywhere for maybe 10 minutes, checking and double checking every room. Suddenly it dawned on me how fucking insane I must look, and I realized it was probably in my head. I'm just sitting here now contemplating what I'm going through. The soonest my psychiatrist can see me is in 2 weeks, that's not soon enough at all. This is only the 3rd day, I don't know how much worse it's going to get. At what point should I go to a hospital??",2024-01-26T00:22:27,False,bipolar
How do you manage your hornyness?,"I am on a hypomanic episode I believe, and besides everything else I have been really really horny. Have you guys experienced this? I am actually afraid that I might cheat on my wife.",2024-01-25T15:10:38,False,bipolar
Over 5 Grand for a 90 day supply of Vraylar,"I never really noticed it. But I switched to a 90 day supply of Vraylar recently and the total came to $160. If I didn‚Äôt have insurance or a ‚Äúmanufacturer coupon‚Äù (whatever the fuck that means) I‚Äôd have to pay over 5,000 bucks. 

This is a medication I literally need to survive. I can‚Äôt believe how astronomical that amount is. It‚Äôs absurd. Like the idea of pharmaceutical companies gouging prices isn‚Äôt new to me. I was just taken aback by that figure when I went to check out‚Ä¶",2024-01-26T02:12:42,False,bipolar
Finally diagnosed,Yesterday I was finally diagnosed with bipolar type 2 after years of trying to get help and being brushed off and a few admissions to the hospital.  In the moment I was emotional and was getting teary. I always had a suspicion it was this. But I do feel a relief as someone actually took me seriously and listened to what I was saying. I owe it all to the doctor at my work who took me seriously and showed he cared and got me to see the right top specialist.,2024-01-26T03:13:14,False,bipolar
Had a thought that might encourage others,"I‚Äôm always pushing myself to be ‚Äòalright for Monday‚Äô or to ‚Äòjust get enough rest on the weekend‚Äô. 
The illness doesn‚Äôt care if it‚Äôs a Monday, or if you decided you wanted a fresh start on a specific date, it will happen when it happens. Just have to remember it will end, help will come eventually.",2024-01-25T23:46:55,False,bipolar
I fell for the trap,"‚ÄúMaybe I‚Äôm not actually bipolar. Maybe I exaggerated my episodes from the past. I can lower or wean off my meds because I‚Äôm stable now and probably was just immature.‚Äù

Cue one of the worst hypomanic episodes I‚Äôve ever had. Urge to ruin my life, ghost everyone I know and start over somewhere else, leave my job, have sex with strangers, develop unhealthy obsessions and infatuations, exhibit OCD behaviors, ruminate, get black out drunk for the first time in 3 years, the list goes on. Back up to my previous dosage and still recovering.

In the past, depressive episodes have been the hardest for me to handle. This one took the cake. I feel like I developed like 3 more mental illnesses, yay.",2024-01-25T08:58:40,False,bipolar
I miss alcohol,"I'm wasn't an alcoholic by any means, but was just a Friday and Saturday night drinker and bar crawler.

Thanks to my manic episode this past November, rife with psychotic features, I'm now on Lithium and Gabapentin just to stay sane.

No more nights drunkenly singing with my friends; no more social lubricant to make new ones at the bar. No more ordering shots for friends, or having them order some for me. No more walking or Ubering to our favorite spots. No more getting drunk and watching movies with my roommates while making whatever stupid comments we could in reaction to them.

Nothing, cause of the only thing keeping me from losing my mind again, my prescriptions.

I have to sit out and stay away from that shit as to not damage my liver and kidneys any further than already medically necessary.

It fucking sucks not being able to do the one thing my friends always like to do, and now that I'm sober at all points in time it seems like I don't have much to look forward to once the weekday is over. 

There is nothing but boredom now.

How the fuck do I have fun when I'm on these meds? It seems like everything I feel is dulled and any sense of joy that I had is gone. No part of me wants to be delusional again but I'm tired of not feeling anything about anything.

How do I have fun again?",2024-01-26T02:46:50,False,bipolar
Dying to Live,"

I‚Äôm dying to live and living to die

To get up and go to not even try

Feeling so empty I can‚Äôt even cry

I‚Äôm dying to live but living to die",2024-01-26T02:54:25,False,bipolar
Just broken up with and for once it wasn‚Äôt because of my bipolar,"I met this girl a few months ago through Hinge. We hit it off instantly. We hung out a handful of times. Our communication was 15/10. I‚Äôve never had anything like this and she was very supportive when I‚Äôd have a manic or depressive episode. She even went as far as to do research about bipolar and even the meds that I take as she was not familiar with mental illnesses. We were perfect for each other.

She‚Äôs a CNA and was asked to do a live in position. After a few conversations weighing the pros and cons, we decided it was a good idea for her to do this even though we wouldn‚Äôt be seeing each other for an extended period of time. I won‚Äôt bore you with the details of what happened during her time there but she did become quite depressed and drained mentally and physically. She requested relief but was never sent any because they‚Äôre short staffed and her client is ‚Äòon her way out‚Äô. 

Her communication with me became less and less and I became more and more worried about our future. After several days of her not responding to any messages. I tried callling her to see what‚Äôs going on. She didn‚Äôt pick up the phone but she did text me shortly after and told me about the things she‚Äôs going through. She has told me a few weeks prior that something that she needs to learn how to do is ask for help when she‚Äôs going through something. It‚Äôs gotten so heavy on her that she has no idea how to function and is in a deep depression. 

I won‚Äôt disclose exactly what she is going through but she did move here from Africa a few years ago without her family. She misses them and isn‚Äôt too keen on how things are going in America. Knowing that she wanted to leave broke me‚Ä¶I know I have no control over what she does. I‚Äôve been so supportive of her during her time in this assignment she is on. 

The following day I did contemplate ending it all. It wasn‚Äôt just a ‚ÄúI think I should die because I‚Äôm alone‚Äù. But more of a meditated plan as to how I‚Äôd do it. I‚Äôve never gotten that low before. I thought to myself I should text her. I couldn‚Äôt bring myself to do it because A) I had no idea what to say and B) if she blocked me that would‚Äôve made things worse. Today I did whip up the courage to text her and just ask how she‚Äôs doing. As per usual there has been no response but I do feel some sort of closure. I‚Äôm still sad/angry but not as much. I also don‚Äôt let this breakup affect the frequency of me taking my meds as well. 

TL;DR Things were going amazing with gf. She took a live in assignment and it sent her into a deep depression and broke up with me because she couldn‚Äôt pour/contribute anything to the relationship.",2024-01-26T02:46:59,False,bipolar
I just got my diploma in the mail,"It doesn‚Äôt even feel real. It took five and a half years to get my undergrad. I was diagnosed with ADHD, bipolar 2, GAD, and PTSD halfway throughout my college journey, so I spent the first half completely unmedicated. 

I wanted to quit so many times. I told myself I couldn‚Äôt do it so many times. And now I can‚Äôt stop crying tears of relief. 

I‚Äôve never known how to be proud of myself, and I think this is the closest I‚Äôve ever gotten.

If anyone reads this, thank you for being part of my journey.",2024-01-25T17:55:48,False,bipolar
Bottomless pit in my stomach,Every once in awhile I will get what feels like a bottomless pit feeling in my stomach. Does anyone else get this? If so is there a term for this? Is there anything I can do to get rid of it?,2024-01-26T05:06:22,False,bipolar
I hate this,"2 years ago I lost my grandfather, my uncle, and a friend (20M) all in the same year. The same year my other uncle almost killed himself multiple times and has been In and out of psychosis since. Also in the same year I was in a sexually abusive relationship that spun my mental issues out of control. The next year I started college and had a toxic group around me, my grandfather fell down the stairs and I found him lying on the floor looking dead and calling 911, spent Thanksgiving in the ER for my grandad, and spent any time I had with him with him thinking I was my grandma who died in 2001, and the whole time was a blur. This year I have already sung at a funeral, my aunt has been diagnosed with leukemia that we thought was treatable and is now on hospice with days to months left to live, I have a bp diagnosis, I am in the trenches of college, my family is unsupportive, and it‚Äôs been not even a month of 2023. When does it stop. Why the fuck does the universe think that I need both bp and so much shit going on. Why can‚Äôt I just stop time and process something before something else happens. I‚Äôm so sick of this. I hate that it sounds like I‚Äôm giving people excuses when I tell them reasons I can‚Äôt do things. I‚Äôm 20. I have delt with more in my life than people 10 years older than me. Finding psychiatrists, dealing with insurance, paying bills, working multiple jobs, medical issues that I have to figure out on my own because I moved away from my family who is unsupportive but pretends to be supportive, death after death after death. I. Hate. This.",2024-01-26T04:59:04,False,bipolar
Can hypomania come with insane anxiety?,"I'm working with my care team to figure this out but it feels like there isn't any answers.

I was diagnosed bipolar 2 in the hospital after a reaction to an SSRI. However the med caused depression rather than mania... I think.

I've never had anything that matches the symptoms of hypomania or mania according to my understanding of it.

What I do have are periods of crazy intense anxiety with goal driven behaviors, agitation, lack of sleep (although I usually feel exhausted) followed by intense depression.

Does that match anyone else's experience of mania/hypomania? I'm also curious about how many people experience non-standard mania/hypomania. 

I guess I want to know that I'm not alone.",2024-01-25T16:44:06,False,bipolar
I beat bipolar. Finally,"10 years ago whole in college, I was diagnosed with bipolar. Had a whole list of symptoms I suffered since a child (memory, depression, attention, issues). In school I was always the last person to finish tests, angry, mentally slow, unable to make friends, etc.  Always felt I was stupid and could never control my emotions or thoughts. People always wondered if I was high because I would zone out and not follow conversation topics. 

Now I‚Äôm running a business that makes me mid six-figures yearly. I have the dating skills to never have to worry about not finding a gf again. I motivate and inspire my close friends, whom talk to me for emotional support. I am emotionally stable and I rarely get angry. 

The key was for me to continually believe there was a way to recover. That life wouldn‚Äôt permanently be like this. 

The combination of finding the right meds and fixing my diet completely changed my life. Sounds simple but took 10 years of trial and error. I had to relearn everything from the ground up.  Learn how to socialize, express myself, build habits, be consistent, etc.

Keep trying. You never know what may happen.",2024-01-26T02:39:41,True,bipolar
Feel very relaxed (think it‚Äôs because of the new meditation I‚Äôm doing),"I‚Äôve begun to do Taoist Inner Dissolving.  Goal of it is to release all my blocked energy aka trauma.  

I think it‚Äôs working finally.  I have tried for years but the big difference now is that I‚Äôm sober.   Seemed to be a barrier in the past of being addicted to stuff.

I‚Äôm excited to see how I will respond to this type of meditation.  Hope it goes well and that everyone is having a good day/evening!",2024-01-26T01:56:47,False,bipolar
Im in my feelings,"My family has currently made it a habit to take a jab at my diagnosis when we are arguing.
I got diagnosed a little over a year ago with bipolar disorder and since then been medicated and in therapy for. 
Anytime im bickering or even remotely in a weird mood
I get asked in a condescending tone that if i have taken my meds yet or to take my meds
Its genuinely so discouraging 
It happened again about few days ago
My brother told me ‚Äúgo fuckin take your meds crazy‚Äù 
It never bothered me but this time it made me cry
I know they have this belief that mental health is a joke and that its not important.
But it genuinely hurts hearing that come out of their mouth
I dont expect them to understand me or the way my brain functions 
But its so discouraging to hear my loved ones think of me in that way
Its making me feel some kind of way about myself, nothing remotely good.
Any advice?",2024-01-26T01:47:44,False,bipolar
Bipolar is killing me,"As you know, if you suffer from bipolar the odds of you attempting against your own life are high. But, I won‚Äôt let this b*tch kill me today or at once. If it wants to kill me, let it be done one day at the time.",2024-01-25T12:49:35,False,bipolar
Med Adjustment,"Hello all,

Today me and my psychiatrist decided to discontinue my antipsychotic and switch to lithium. I'm afraid that the med change will trigger an episode. I don't want to be hospitalized. How have med adjustments gone for you?",2024-01-26T03:16:49,False,bipolar
I'm scared I'm not actually bipolar,"Yes, by what the title reads - That is completely how I feel. I was diagnosed back in September by a psychiatrist. I've only met with her once, and that's what has me on guard about this diagnosis. The last psychiatrist I met, took a few evaluations before giving me an anxiety diagnosis. 

What scares me even more is that this certain psychiatrist prescribed me lamotrigine right away as well. I put off taking it up until now where I've been at my lowest ever in my life. I feel like there's no hope for me, and even though I really do want to take it- I'm still really terrified that I am not bipolar. (I am also scared of developing SJS or ""the rash"" from the lamotrigine as well). I apologize in advance if my fear seems really dumb, but I feel like it's valid nonetheless. I just need to be talked down or something, or maybe see another psychiatrist before taking the meds to make sure? I'm not entirely certain at this point.",2024-01-26T05:20:05,False,bipolar
Just disgusted,My life has been absolutely ruined by bipolar disorder. Everyone i have ever cared about has died or my relationship with them has been destroyed by my depression. I have nobody and nothing to care about anymore. Where should I go from here?,2024-01-26T05:08:32,False,bipolar
I'm voluntarily admitting myself to a psych ward,"I think I've been in a mixed episode for about a month now and it's getting so much worse.  I'm having multiple big mood swings within a day, obsessive suicidal thoughts, I'm having a lot of anger outbursts and I've got this really bad brain fog (?) most days. Yesterday the brain fog was so bad that all my limbs felt too heavy and I couldn't talk right or listen to people at work and things just looked weird? Like I was looking at these apples and they just kind of looked off it's hard to explain. The only thing that helps me feel normal is smoking a LOT of weed and I've been off drugs/alcohol for a while now so I hate being dependent on a substance to feel normal. I can tell things are going to get worse and I'm really scared of lot of things happening so I'm voluntarily admitting myself tomorrow (even though my therapist wanted me to go tonight) just looking for support/advice/kind words wish me luck y'all ‚ù§Ô∏è‚ù§Ô∏è‚ù§Ô∏è",2024-01-26T05:07:31,False,bipolar
It hurts so much. I can‚Äôt take it anymore.,The sadness I feel is so painful. I was in the shower and lost my breath cause the pain is just so intense. I don‚Äôt know what the sadness is from. It‚Äôs just there. I can‚Äôt live the rest of my life this way i‚Äôm so tired and exhausted. I know writing this has no value and meaning but i‚Äôm so lonely and need to say something.,2024-01-25T00:43:51,False,bipolar
I feel like I don‚Äôt even have bipolar,"(dangerous behavior just to be safe bc i went off my meds)

too keep things short i stopped taking my depakote on 1/15 and since then i‚Äôve had some extreme mood swings and sleep changes but no episodes , so i‚Äôm starting to think i‚Äôm not even bipolar . my therapist says denying the diagnosis is really common but idk i feel like it‚Äôs different for me .. has anyone else experienced a similar situation or feelings ?",2024-01-25T22:40:48,False,bipolar
Last Hail Mary I Guess,"I‚Äôm so tired of all these cycles. All the ups and downs, I can‚Äôt take it anymore. I tried so hard to do better for my mental health, yet it seems like there‚Äôs no light at the end of the tunnel. 

Just more darkness. 

Feeling like when I reach a super great happy moment, I just want to end it right there, full stop. No more aftermath. No sequel. Just the end. 

End it with a smile. 

Just typing it here cause I feel like I‚Äôm running out of options. Let‚Äôs see I guess.

EDIT: Just want to say thanks to the people who commented. I never had these strong thoughts about ending it, but I feel a tad bit better than last night. I was pretty drunk when I wrote it, and I was riding my bike while intoxicated too, deep down thinking ‚Äúwho cares anymore?‚Äù 

I‚Äôm still not feeling good, but I‚Äôll exist for now. Trying to do better atm is a stretch to say, but I‚Äôll exist. 

Thanks again everyone. ",2024-01-25T16:00:55,False,bipolar
I‚Äôve taken my meds for every day of 2024 so far ü•≥,I am normally SO BAD about medication compliance (especially since im on so many) so i‚Äôm just very proud of myself. its crazy how much more level headed i feel. shoutout to my girlfriend who makes me send her photo evidence of me taking them üòÇ,2024-01-25T07:26:28,False,bipolar
Scared,"I'm so scared of everything that comes with ""normal"" life. I'm diagnosed PTSD, anxiety, chronic depression,and bipolar 2. I feel an emense amount of shame and guilt about being vulnerable with the people around me, I don't think they should have to deal with my mental issues but at the same time I know I need to utilize my support system. I try to tell myself that they love me and they want to help me but I know they can't do much and I'm scared of losing them.",2024-01-26T00:27:46,False,bipolar
Feelings,"I feel that we, as people suffering from bipolar disorder, are always accused of exaggerating our feelings even if we are not really like that. Especially, if the situation calls for nervousness, complaining, sadness and sometimes fear! I feel that we are not allowed to express our feelings or give a reaction unless we are happy or positive. 

&#x200B;

&#x200B;",2024-01-25T11:23:17,False,bipolar
i do not want to be bipolar,"vent 

see. when i was little i always knew something was wrong. and my biggest fear was other people also knowing something was wrong. 

and i was like. hm. is there such a thing as bipolar children even? what if i just have religious trauma? well i don‚Äôt know. i thought maybe all little boys and girls who grew up in religious communities thought they were the next prophet and we‚Äôre waiting for god to take them up into the sky. right? right!

anyway. for a few years i was numb. i don‚Äôt remember much in those times. i think maybe in those times i was normal. or maybe i just gave into the worser side of things. i was irritable and often angry and i felt everyone hated me and i hated everyone. but then everything came back. nightmares. religious ones. dreams more vivid than real life. dreams more real than real life. i think i met a man who is my mirror twin flame soulmate i told him i am often temperamental and he said oh but ‚Äúyou‚Äôre not bipolar right?‚Äù and laughed it off and i sat there silently because well‚Ä¶ well‚Ä¶. i can‚Äôt say no. and i think it is because some part of me knows. i haven‚Äôt talked to him in six months but there is some part of me that starts to believe we are the same person and that everything he is doing is everything i am doing and that i can literally feel him. i can. 

but it doesn‚Äôt make sense because yes i don‚Äôt sleep but they say when you‚Äôre manic you don‚Äôt sleep but also you don‚Äôt feel tired. i am very tired, always. my body hurts. can you be manic and self aware? my psychiatrist is ghosting me i don‚Äôt know who to talk to and i feel impulsive and i don‚Äôt want to lose more money and hurt myself in other ways just to feel control because i do not feel control. i need to take my lamotriginebon time",2024-01-25T12:40:42,False,bipolar
Got a concussion yesterday. It‚Äôs completely forced me to slow down.,"I‚Äôve been go go go always doing a million things and never taking a break for myself. I‚Äôve basically been either manic/hypomanic/on the edge of becoming manic for months. Even my son after only being around me for like 20 minutes said that I‚Äôm not right. He said I‚Äôm too quiet and I‚Äôm laying around when I‚Äôd normally be all over.  He says I don‚Äôt seem good. 

I‚Äôm really not well. Got head pain where I hit it and I‚Äôm just super super hazy and out of it. I‚Äôm super forgetful and will forget what I‚Äôm talking about mid conversation. Just so not myself. I decided it wouldn‚Äôt be safe if I drove today. I read that it could take 1-2 (or even more) weeks to feel better. I really hope it doesn‚Äôt take that long. I don‚Äôt want to feel like this anymore. 

Didn‚Äôt know what sub to vent about this in but I figured since I‚Äôm kind of experiencing altered moods with this, I‚Äôd come here. I also just tend to come here a lot anyways.",2024-01-25T22:03:49,False,bipolar
Pregnancy & Bipolar experience?,"Hi everyone! I‚Äôm wondering what your experiences have been for those who have bipolar and have tried to become pregnant, been pregnant, and post partum? 

I‚Äôm on a fairly low dose of depakote, but unfortunately my provider won‚Äôt allow me to stay on it if getting pregnant for risk of birth defects (totally get it, just sucks when it works well overall). They offered to titrate off and switch to lithium. Otherwise, they mentioned I could go med free (maintain routine monitoring) then go on lithium after baby is born (or sooner if showing manic signs).

I‚Äôm nervous to go off meds fully, but also nervous to stay on meds for risk of baby. Wondering what‚Äôs worked for you? Any insight on paths you‚Äôve taken and things that worked or didn‚Äôt work for pregnancy, would be appreciated.

TIA",2024-01-25T20:20:04,False,bipolar
Relate?,"As I‚Äôm going through yet another medication change I‚Äôm really starting to notice things that I‚Äôm pretty sure are me trying to ease the reality of the life long illness. Sometimes when I‚Äôm not doing so good mentally I start wishing I‚Äôm different because of supernatural reasons that make me special. Like I‚Äôm a werewolf or something. Of course I know it‚Äôs not possible. Or I‚Äôll want to do as much research as possible to fully explain all aspects of bipolar with psychosis. Like what‚Äôs going on in my brain to be causing all of this. I know it‚Äôs a chemical thing, but I want to know exact details. What do you guys do to help cope with this life long illness? Also are there any books that explain the illness from a medical view that you would recommend?",2024-01-25T21:35:35,False,bipolar
Thinking of running away,"Guys, i know that is normal thinking random stuff sometimes, right? But, u know what i'm saying, like, i can feel when it's bipolar and resist (cause i'm on my meds). I was thinking seriously of running away, and leaving everything behind, my family, friends, college, job. Maybe get a loan, then go, cause u know, sounds so relieving to leave and start being ""another person"" in another place, no old problems. Won't call myself crazy cause it's very offensive haha (don't get me wrong).Please tell me your experience.",2024-01-25T23:37:30,False,bipolar
So tired,"Short rant
I was upset last night and in my upset I told my dad I was tired of the constant fighting and arguments in the household. I am 26 but I don‚Äôt have money or means to live on my own and I‚Äôm in community college program for an AAS so I can‚Äôt work that much

An argument started from this and it was awful like the rest. Things said and feelings hurt again.

I am just so done. I don‚Äôt know how to keep trying at everything anymore when I am so unhappy and I don‚Äôt have many friends to see. I have reached out to some friends but I just still feel so alone and so tired of trying. I did see my psych yesterday, but I didn‚Äôt feel as down.

I love my parents and they love me but I‚Äôm just seeing myself get closer to 30 and see how useless I am in society and with people socially and it‚Äôs depressing.
I am also neurodivergent/possibly autistic",2024-01-25T17:59:56,False,bipolar
thought experiment,"disclaimer i'm not going to do this and obviously i strongly advice anyone against doing this. it just came across my mind and i wondered what would happen

so: how do you think, what would happen if i (bipolar 1), while still taking all my meds and having all the other necessary routine, deprived myself from sleep for as long as i could take it (say ‚âà2.5 days, from my manic experience) and then had all the sleep i'd deprived myself of at once (‚âà20 hours straight, if it's 2.5 days), and then repeated this in cycle over and over regardless of what episodes would follow an inevitable end of remission and when, and of what would be happening to me

what would happen? at what point an episode would begin? 24 hours? 48? after repeating this cycle twice, thrice? what episode would come first? would i get a mixed episode? how soon would psychosis come? would i die in two weeks? of course no one can answer these questions with certainty, not even my shrink, but it's fun to fantasize!

(i promise i'm sane now.)",2024-01-26T02:36:56,False,bipolar
Been on seraquel for 4 nights now 50mg,Am I just imagining I'm feeling better or good? Currently this past week I've been withdrawing from xanax after 12 years and did a 6 month taper. Am I just imaging thing or do I feel less anxious and clear headed? Can't be doc only gave them to me to help with sleep sometimes but idk anyone else know wtf I'm trying to say lol,2024-01-26T02:23:45,False,bipolar
I feel like an old person with dementia,This manic episode I‚Äôm in is kicking my ass. I am terribly agitated and irritable. I self harmed for the first time in over a year 2 nights ago. My wife also says I am acting confused often and it seems like I had a personality transplant. I‚Äôve been lashing out and fighting a lot with her. The agitation is worse at night and I walk around my apartment aimlessly until it‚Äôs bedtime. I feel like a dementia patient sundowning. My hypochondriac OCD is telling me I have dementia and that‚Äôs why my meds aren‚Äôt working. I just cant seem to calm this agitation down. I can‚Äôt take my PRN antipsychotic during the day because it‚Äôs too sedating and I have to be able to work. I‚Äôm out of PTO because I used the last of it from the beginning of this episode. I‚Äôve talked to my doc about it but she‚Äôs only willing to make minor changes to my meds. I‚Äôve been talking with my therapist too and she just tells me to talk to my doctor about it and go to the ER if I can‚Äôt keep myself safe. I don‚Äôt know what to do.,2024-01-25T18:46:25,False,bipolar
Surrealism,"Life before diagnosis & meds feels surreal. Does anyone else feel this way? Life is almost way too real now, yet surreal in the same regard. It‚Äôs like what‚Äôs hard shifted from the everyday things that shouldn‚Äôt be, to things that should be but weren‚Äôt. 

Everything is backwards. I‚Äôm dealing with the fallout from a manic episode for almost a year now, which was the biggest ever, surreal yet as real as it gets. Way too real. Now I‚Äôm in an entirely new reality. Starting over in every way. Life is but a dream for real.",2024-01-26T02:06:48,False,bipolar
Going back onto meds I‚Äôve already been on before,"I have reached the point where I have tried so many meds I am running out of things to try , my doc wants to retry other meds I have taken before, for a short period of time,like 6 weeks. Have you ever had success doing this?",2024-01-26T01:56:15,False,bipolar
Told my girlfriend I was suicidal now she wants me to leave,"She says it‚Äôs for her sons (he‚Äôs 3.5 years old, from a previous relationship) well being as well as my own mental health. 

I just feel like an utter failure. We‚Äôve been having some problems since I‚Äôve been depressed. Her sons picked up on my unhappiness and acting different around me. 

So she‚Äôs requested I take my things and move out of our apartment but is telling me we aren‚Äôt breaking up. I honestly don‚Äôt know what to think about that or believe her. 

I know she has to think of her son‚Äôs wellbeing first but it hurts that my partner can‚Äôt be there for me either. 

I chatted with 988 the other night cause I knew I couldn‚Äôt talk to her because she‚Äôs overwhelmed with being sick with what we thought was Covid, she tested positive the other day and negative yesterday,and has her own issues to deal with but I just don‚Äôt know how I got here. 

It was helpful being able to reach out to 988 but I can‚Äôt help but feel alone otherwise. I can‚Äôt talk to her and my best friend is just busy with his own life and it‚Äôs long distance. 

I have till Friday to move out till then she‚Äôs staying with her son‚Äôs father and girlfriend. I‚Äôm currently now sick and don‚Äôt want to jeopardize my dad‚Äôs cancer surgery on Friday by getting him sick. 

He‚Äôs my rock and I‚Äôm so afraid I‚Äôm gonna lose my dad. There‚Äôs just so much going on in my head. 

I don‚Äôt want to die and make my parents and girlfriend feel like they‚Äôve failed me. But I don‚Äôt feel like living anymore either. I just can‚Äôt keep a relationship or a job because of this crappy mental health issues. 

I‚Äôm debating on quitting my job that I‚Äôve had for almost a year and a half I dread going in. I keep calling out. I feel like a terrible employee but at the same time they‚Äôve denied my work injury claim so it‚Äôs not like they care about me either. 

I‚Äôm so lost right now. It‚Äôs temporary, it‚Äôs always gotten better but I‚Äôm so tired of fighting to live such a crappy life.",2024-01-25T04:37:01,False,bipolar
Has anyone experienced medication not working?,"I‚Äôve been on depakote for a couple days now and my psychiatrist upped my dosage and I still do not feel any changes. Definitely had a hypomanic episode this past week and I‚Äôm just not sure why I‚Äôm not feeling anything? 

Is this common at all? I know finding the right meds can take time I just want to make sure I‚Äôm not going to slip up.",2024-01-26T01:46:22,False,bipolar
Low Mood Hacks,"I was feeling really good for weeks and then I literally missed one dose of lamictal and have been in a mild low streak ever since. My mood and energy are low, but not severely low. I feel like I just need something to kickstart my brain back into a neutral/positive headspace. Any ideas to hack my brain? Looking to avoid more medication as it's mild, but still frustrating and making life harder. ",2024-01-25T21:59:48,False,bipolar
What is something you wish you knew when you first got diagnosed?,"What part(s) of living with bipolar disorder surprised you? 

I'll go first, I wish I knew it would have to be managed for life. I put too much pressure on myself to be ""healed"" and eventually had another episode two months after the first. ",2024-01-25T09:19:34,False,bipolar
Feeling so validated and loved by the people around me,"Nobody thinks I'm insane. I told my doctors and multiple professors about my psychosis and they were ALL sympathetic. All of them. 

They told me it must be very scary to be so paranoid that I'm going to be murdered. It must be so exhausting and distressing. That must be a lot to go through as a young woman living alone. Nobody said ""that's ridiculous"" or ""the odds of that are low"". They felt bad and expressed a desire to help me.

I want to fucking cry about it. I have felt so crazy and horrible, staying up until 7am and purchasing weapons online to defend my home with. I seriously thought for *days* that someone in the neighborhood wanted me dead. I was very aware that this wasn't true, logically, but the intense fear wouldn't go away. 

I'm seeing a new psychiatrist tomorrow for 1.5 hours. Hopefully I can get off prozac and onto a real bipolar medication. I'm so relieved. My professors gave me extensions to turn my missed work in. People are good and nice. There's love everywhere",2024-01-25T08:28:51,False,bipolar
Shopping Addict?,"I know a lot of us have had shopping sprees that have put us in a lot of debt‚Ä¶I‚Äôm just wondering has that turned into a habit for anyone? I feel like I got so accustomed to being hypomanic and intensely shopping each time that it gave me this thought process where I am very often shopping. It‚Äôs MUCH WORSE when I AM hypo, but I also notice spending habits outside of those episodes. Has this happened to anyone else? Like am I associating the feeling of being hypo with shopping and now trying to ‚Äúget it back‚Äù, or is it just a habit now?",2024-01-25T18:09:59,False,bipolar
Impending doom feeling?,Has anyone else ever experienced an impending doom feeling before? I‚Äôm currently so restless and agitated and anxious and I just feel like I can sense danger and it‚Äôs causing me to have panic attacks. I was diagnosed with bipolar in august 2022 and ive never experienced this before. I‚Äôve just come out of a really bad depressive state and ever since I‚Äôve just felt very threatened without any explanation at all.,2024-01-25T17:53:05,False,bipolar
I‚Äôm slowly falling apart,"I‚Äôd say I‚Äôm handling myself in society quite well, (right now)  my masking is top tier!! (Maybe that‚Äôs not a good thing? Hard to decide) 
But inside I‚Äôm falling apart.

I am -typically speaking- quite the positive person. I had a very rough hypomanic episode (I‚Äôm supposedly out of now) but why do I genuinely feel like I‚Äôm dying inside still‚Ä¶
My anxiety is at an all time high, I‚Äôm back on a high dose of my meds which makes me throw up 3-4x daily‚Ä¶ I‚Äôm determined to move far far away! Making it actually happen! EVERYTHING I SAY IS NEGATIVE! I‚Äôll have an amazing idea, then turn around and say ‚Äúwell that‚Äôs a shit plan‚Äù 

I don‚Äôt want to be apart of society anymore. I want to live in a forest like a hermit and hide away from everyone and everything.

Everytime I want to laugh, nothing comes out, so instead I robotically say ‚Äú that‚Äôs funny‚Äù and catch myself and die a little inside from it. 

I saw an article stating that someone with bipolar disorder lives about 48% of their life in either a manic or depressive state. And I guess that sent me. I also learnt bipolar tends to worsen over the years which was also SO FUN to learn ü§¶üèª‚Äç‚ôÄÔ∏è

Everyone I love and who loves me believes I‚Äôm doing well. (My partner sees more truth though) 
I am not doing well. Not at all. 

Idk what I‚Äôm expecting from this post. Maybe just for someone to relate or connect to it. Maybe advice. Maybe just a vent. Who knows.",2024-01-25T20:00:29,False,bipolar
Coping with moods,"Does anyone else have intense moodswings?How do you cope? I feel like I should give it time since my doctor just increased my dosage, but everything is still intense just less deafeningly so. Some days I'm so nervous and anxious I can't sit still and everything pisses me off and some I feel like I'm a failure and won't amount to shit. Then in between the sadness I'm either okay or numb, idk what it means to be happy besides pretending. Content yes, happy haven't felt happy in years. I'll also randomly go from laughing to crying, or smiling and crying like wtaf? Have you ever felt like this? Like the line between your emotions is paper thin. I'm trying so hard to adjust. The lyrics from Calm Down by All Time Low have never hit home so hard. I just don't wanna worry the people I care about anymore. Any advice is appreciated thanks.",2024-01-25T23:39:16,False,bipolar
Does anyone else have both CPTSD and bipolar? Experience?,"I don‚Äôt believe this breaks any rules, I am just curious if anyone else has both C-PTSD/PTSD and bipolar? 

Do you go to therapy? If so, do you find it beneficial? I do go to therapy, I am just having a hard time finding someone skilled in both. 

I have both C-PTSD and bipolar and it took a while to get the diagnosis because a provider wasn‚Äôt sure if my PTSD was delusional. Two other providers countered this and said it seemed legit to them. 

I‚Äôm just curious who else is out there with this experience.",2024-01-25T23:29:15,False,bipolar
Depressive episode coming after holidays?,"I'm not sure if I'm transitioning into depressive episode because starting January, I started not going to church and meet my friends because the idea of socializing is making me sick. Unlike last December, I'm very much alive and love to meet friends etc.

Right now, I can't say that I'm depressed now but everything is starting to exhaust me when it comes to socializing. Is it possible that depressive episode is coming during this month?",2024-01-25T17:27:45,False,bipolar
How to get energy when on sedatives?,"So basically I'm currently only on olanzapine, I've been advised to take it in the morning now as well as at night. I'm aware caffeine intake can affect us negatively but how do I get my energy levels up without it? I'm a single mom to two kids so I'm currently drinking more than 4 cups of coffee a day to try keep up with the smallies. I'd like to come off coffee though and nicotine to hopefully improve my irritability and over stimulation.",2024-01-25T16:54:58,False,bipolar
I wanna be fucking fixed I was a sense of normalcy,"Like when I get mad and hurt the one I love. Or jus getting ü•¥ cause I can't explain a single thing to i.e. cashier or something and I feel embarrassed. Then I hate when I jus fuck up every thing, and feel like I'm jus so shitty and piece of shit . I only feel like a fucker upper",2024-01-25T22:42:39,False,bipolar
I feel like I can‚Äôt handle it anymore,"I always struggled a lot with mental illness since I can remember, but a few years ago my psychiatrist told me he‚Äôs pretty sure I suffer from bipolar disorder, and the symptoms are unequivocal.
This past two years were extremely difficult and it‚Äôs getting even worse, even if apparently my life is getting kinda better my mind is rotting and I have this constant feeling that I won‚Äôt be able to handle the sufferings that I have to go through due to my disorder.
I‚Äôm trying so hard to live a normal life and I‚Äôm fighting as much as I can to live peacefully but I just can‚Äôt, it doesn‚Äôt matter how hard I try I still feel like shit and I have this internal need to destroy myself, everyday especially this past month.
I also suffer from an eating disorder which makes everything even more difficult and I honestly think that I just don‚Äôt have the strength to handle this. 
I don‚Äôt know what to do at this point.",2024-01-25T15:04:17,False,bipolar
What do I do?,"I (24f) have had mania for about a month now. I also have a hard time not flirting during this time. I kept giving nice notes to my coworker (21M). He seemed like he was flirting back but idk. After I gave him the secound note (you look cute when you smile) he asked me if this was my way of flirting. I said sure with 2 thumbs up and ran and hid. I have no clue if he was flirting with me, if he is going to tell anyone, or if he thinks differently of me. This has happened before and the result was the whole high school hockey team bullying me. I just can't go through bullying again. I work with just him for about an hour tomorrow and don't know what to even say. Should I say something or just wait and see? Should I be this worried?",2024-01-25T22:16:25,False,bipolar
It finally got better,"I finally have been able to get out of the deep dark hole I've been in most of my life. Some how the thing I thought was impossible finally happened. I had to fight with doctors and spend money that I could barely afford to get them to take me seriously and prescribe me the right meds. But finally from getting diagnosed at 13 and now at 25 I am finally on the right medication for all my mental health issues. Sucks that it took this long but it finally worked out. 

I'm now back in school, working a better paying job that I enjoy over dead end minimum wage, I've left a toxic relationship, quit smoking cigarettes and vapes, made some new friends, reconnected with some old ones and even working out. I'm enjoying life a little more now. I still have my days and sometimes go ""fuck I should just kill myself"" but it's far more manageable. 

Medicine was the key to make this happen. I couldn't have done it without it. So I hope this encourages some of you guys to take your meds or seek out help. I know the world sucks in a lot of ways and it makes it really hard for people to get the help they need, these are valid points that shouldn't be dismissed. However if that's all you're able to think about it makes it seem as if that's all that the world is. There is more to it and it's pretty cool to be able to experience it. Apparently life really is what you make of it. 

Also weed counts as medicine, psych cleared me.",2024-01-25T22:00:28,False,bipolar
episodes,"Today I had a panic attack. And what I noticed recently when I get panic attacks, I‚Äôve gotten better in handling them. I used to really hurt myself really bad and bump my head on the wall and other stuff. But for my recent attacks, I forced myself to not do a thing and practiced slow deep breathing, and that shit was too hard for me before and tbh it‚Äôs still a bit hard now but still possible to do. I also let out silent cries. Crying helps a lot.

I have been so alone in this journey of my episodes and it gets lonely sometimes, but I‚Äôm so proud of myself.",2024-01-25T17:52:53,False,bipolar
Poor money managing,"I‚Äôve never been good with my money. Even when I was a kid, if I got birthday money, I was immediately spending it. I buy things for the dopamine rush. As an adult that led to credit card which led to bankruptcy at age 33. Now I‚Äôm in a rebuilding process. I need to get into some kind of therapy to learn to control my impulsive spending and of course, my family thinks I just need to have more ‚Äúself control.‚Äù",2024-01-25T15:40:27,False,bipolar
Hypomanic shopping or just maturing?,"Lately, I‚Äôve been getting into fashion as a hobby. Like, in the past month. I haven‚Äôt spent a dime on it yet, but I‚Äôve figured out my Kibbe type, my essence, my color scheme, and just leaned into things I already liked and curated Pinterest boards and wishlists on multiple websites. I‚Äôm keeping my partner updated and we agreed to one $40 purchase of some blouses for work this month. 

I‚Äôm suddenly super fixated on these operationalizations of fashion and expression and using them to analyze myself and see what would be the ‚Äúbest‚Äù things I could wear. 
This is also a bit piggybacking off my hair hobby, which began in October, and has culminated in me cutting my giant mane into a chic bob so I can regrow healthier after dying over dye over dye for 8 years. My brain now contains so much knowledge on type 2c-3a medium porosity normal thickness curls I could write my own wiki. I also *did* wrack up $300 on an Ulta card at the end of 2023 over this. 

Here‚Äôs the important thing though: before this, I chose to be all grungy e-girl. Cheap fast fashion sundresses or oversized graphic tees, minimum effort put into the giant mane I mentioned before, and huge eyeliner. For work I‚Äôd put my hair up with scrubs and no makeup. Now I‚Äôm suddenly cutting my hair into something high maintenance, doing makeup for my season and face shape, and spending all this time on the soft dramatics sub. 

I know you don‚Äôt know me, but does this sound like a hypomanic fixation on my appearance and identity, or normal maturing? I turn 25 in May.",2024-01-25T17:50:37,False,bipolar
shoutout to my cat,My little goblin Alf will always come and lie on my chest whenever i‚Äôm having a low day. Anyone else have any supportive cats/dogs/pets to give a shoutout to?,2024-01-25T21:23:21,False,bipolar
I keep getting hyperfixated on this person,"I‚Äôm scared I‚Äôm fucking up my future because I keep trying to reach this person through many accounts despite being blocked. I‚Äôm trying my hardest but the pain of not knowing what happened eats at me everyday.

 I just fucked up again today by finding a second phone number. I‚Äôm actually terrified of the person I‚Äôve become as a result of meeting this person. It‚Äôs like a whole other part of me was activated and I‚Äôm suffering every single day. 

Therapy is not enough when you think about a person all day every day. I got my bipolar diagnosis as a result of meeting this person and that was 2 years ago. 

I can‚Äôt connect with other people. I feel so disassociated and alone and I can‚Äôt trust anyone. I wanna/need to runaway but I can‚Äôt so I feel trapped in this constant loop of suffering.",2024-01-25T03:53:32,False,bipolar
Lithium-induced psoriasis but don‚Äôt want to come off,"I‚Äôve been on and off lithium half a dozen times because of psoriasis and hair loss but it really works for me and I don‚Äôt want to stop taking it this time (also on lamotrigine, gabapentin, lorazepam, and seroquel). I‚Äôve tried 20+ meds and finally stable after a course of ket but want to maintain. Who here has decided to keep taking it anyway and what have you done to manage the psoriasis? Did it get better over time? Lowering my dose doesn‚Äôt help unfortunately, still had it even when I tapered down to 150mg last time. More than maxed out on the lamictal too. Would love some advice!",2024-01-25T17:14:58,False,bipolar
"Lost everything due to first manic episode, don't know how to keep going","I don't even know if the depression I currently feel is due to bipolar or purely situational. But I don't want to do anything. I just sleep or lie in bed. Passively think of suicide every day (I guess it's better than this summer, where I made an attempt every day. But still.)

I lost my dream job, basically my whole career, my apartment, the city I loved, so many friends, my entire identity. The worst part is I have no drive to rebuild. I can't remember what ever motivated me in the first place. I have no more interests, no more passions. Life seems totally meaningless.

I just want to stop existing.

Ugh and I know the ""solution"" is to force myself to do things, to exercise, to try and engage in old interests. But it's literal hell to do so and just feel how wrong and different everything is now.",2024-01-25T20:50:06,True,bipolar
Financials/Rent,"For those who are unable to work or waiting for their disability claim to be approved or already had it approved. Obviously that is not enough to make your ends meet. 
How are you affording your rent/mortgage payment?",2024-01-25T20:13:43,False,bipolar
I‚Äôm gonna lose it. This is just nuts.,"Someone tell me why I just had the worst manic episode last month and did some crazy out of character things, and today (I‚Äôm stable again) I am questioning wether or not I even have bipolar disorder because I‚Äôve been stable for a few weeks now. üôÉ Why am I like this‚Ä¶ Like, I literally got diagnosed by a profession, I‚Äôve got papers in my room to prove it. I am on MEDS. But right now I‚Äôm just like, ‚Äúhuh‚Ä¶. Perhaps I do not have bipolar disorder‚Ä¶?‚Äù",2024-01-24T21:14:21,False,bipolar
I tried doing to much,"I have been diagnosed for about 6 months now. I feel that I‚Äôve had this building in me for a while now, and it has been really hard as u get older to keep going. I woke up 3 hour late today because I slept through my alarm (again). I feel exhausted all the time, even my meds don‚Äôt touch my depression anymore. I am trying to graduate early this year so I can be done, today was the last straw. I don‚Äôt know how I am supposed to graduate and function in the world if I can‚Äôt get out of bed. I was lucky enough to get a small couple hours of hypo mania yesterday so I took care of myself,cleaned my room, and even showered. But it all feels like to much.

I want to graduate really bad, it‚Äôs been my goal since middle school. For some back story I was homeschooled untill the 7th grade. But when I went to public school my first year Covid hit and I had a really hard time adjusting. Now I‚Äôm a junior in high school and barely making it. 

I feel like such a loser now a days. My boyfriend (bess his heart) has been so supportive through everything, and every time I get bad thoughts he calms me down or I am able to call him. He tells me I‚Äôll make it through this but I am not sure. I just want to live a life where there isn‚Äôt a cloud in my head all the time.",2024-01-25T19:57:24,False,bipolar
Bojack Horseman,"Bojack Horseman is THE most bipolar character I have ever seen in the media and they never even explicitly say it. I'm rewatching, and on the episode where Diane finds out about Bojack and what he did with the girl in New Mexico, and the line ""how do you make something right when you've made it so wrong, you can never go back?"" wow. this is exactly how my life feels right now after losing my friends of 3.5 years over my first noticeable manic episode they've seen. (That I'm aware of.)",2024-01-25T06:52:54,False,bipolar
What‚Äôs your hypomania feel like?,"I feel myself slipping into a hypomanic episode. My thoughts speeding up, appetite increased, can‚Äôt sit still. My want for loud music, smoking, speeding and sex drive all through the roof. Everything feels good, like walking on clouds. I‚Äôm just vibing, enjoying the good times since I don‚Äôt know if it‚Äôs going manic or depressed after this hypomania. I have ECT tomorrow and I hope it stops the hypomania, if not I‚Äôll just enjoy the good times while I can. That said I‚Äôve never had the opportunity to ask anyone else with bipolar, since we‚Äôll I know 0 bipolar people. So What does your hypomania feel like? What are the signs you are in an hypomanic episode?",2024-01-25T05:21:09,False,bipolar
Fully manic and want to cause problems,"I was sexually assaulted last month and I‚Äôve been so hyper sexual ever since and all I want to do is drink and sleep with everyone I meet. Doing the same shit tonight. I feel like I‚Äôm losing my mind but I also don‚Äôt give a shit and it‚Äôs very confusing. I just want to text people I shouldn‚Äôt and argue and sleep with everyone and hurt myself. Idk how to fucking handle this, I haven‚Äôt been this manic in a long time. I can‚Äôt go to the psych ward and my doctors have done all they can. I‚Äôm having fun but I‚Äôm more thinking about the consequences but I also do not care hahaha, just need to say this",2024-01-25T08:21:32,True,bipolar
What is it about the meds?,"A year ago I was in hospital for we now know as a depressive episode.  I was begging for meds to help me feeling better. Took them religiously. A couple hypo episodes over the year that was managed by the seroquel.  Well, I hit a full blown manic last week( my dr. Told me I had no idea . She upped my meds to hopefully avoid hospital. I struggled to take my meds. It didn't prevent the full mania.so we upped and added meds to prevent hospital. WHY AM I ARGUING WITH MYSELF ABOUT TAKING THE MEDS? AND WHY AM I SECOND GUESSING THE DIAGNOSIS",2024-01-25T15:50:47,False,bipolar
I feel really alone. I haven't had close friends in so long and it feels awful.,"Throughout my life my friend groups have changed so many times, but I rarely ever felt like I fit in or belonged. I didn't really make any friends until high school. In my mind, there's never been a time where I believed anyone wanted to be my friend. This anxiety has prevented me from reaching out and maintaining friendships. 

Now I'm 34 and haven't been part of a friend group for probably 5 years. There's nobody left. I'm married and my wife has a great social circle from work and from her hobby. We don't have kids and most people our age do, this makes it harder to meet people. Sure I have work ""friends"" but we don't talk or see each other outside of work.

This really gets to me, it feels so unhealthy. I know I need to get involved in some kind of social activity to meet people. It just feels impossibly difficult. How am I supposed to overcome social anxiety that I've been living with since I was a child?",2024-01-25T02:12:09,False,bipolar
I am all over the place,"I was depressed for almost a month and so my psych raised my Wellbutrin dose up to 300mg. This past week I‚Äôve felt increasingly hypomanic until I crashed last night. It started with a surge of energy, enthusiasm, insomnia, nostalgia and euphoria, the usual. This eventually turned into me staying up all night and plummeting into depression to the point of not knowing what to do with myself. I sat outside my patio watching the rain, listening to music, crying, and contemplating suicide until I eventually just came back inside and cried myself to sleep. I‚Äôd had the occasional passing thought here and there before but last night was different. It was heavier, and I was actually weighing the options, looking things up, and planning things out. I woke up this morning and still feel depressed. On one hand, I‚Äôm trying to reassure myself everytime negative thoughts creep in and forgiving of myself, but at the same time there‚Äôs another part of me that keeps degrading myself and wants to give up. I feel so in conflict with myself and my emotions, it‚Äôs confusing and driving me mad.",2024-01-25T18:33:34,True,bipolar
Recently diagnosed,"Hi! I‚Äôve recently been diagnosed with bipolar disorder and I‚Äôm looking to learn as much as I can. My job jumping, impulsive decisions, and severe depression suddenly make so much more sense. I‚Äôm also currently looking for a new job (because I‚Äôm engaged now and we need more money!) I was wondering if anyone had any tips or suggestions of how to job hunt or what jobs people may recommend?",2024-01-25T17:53:09,False,bipolar
struggling,idk how to start one of these. I rarely ever post. I recently lost my job and it has sent me on a downward spiral. I am quite suicidal. I truly have no desire to do anything but sit in bed. I recently went to a mental hospital to help combat my depression. but it honestly didn‚Äôt do a thing. I‚Äôm currently on lexapro and latuda. hoping this is the right combination. I keep waiting for something big to happen but ik I have to make that change. I don‚Äôt know where to begin. I feel like my head is just making scrambled eggs. im trying so hard to get my motivation kicking again. but I simply don‚Äôt know where to begin. I keep thinking i‚Äôd rather die than go back to work‚Ä¶ is that bad?? im trying to find like minded individuals who also feel this way. I feel so alone in this world. I need advice on how to kickstart my life again. thanks for listening.,2024-01-25T17:52:08,False,bipolar
I am Bipolar and so grateful I discovered you‚Äôall!,I will be concentrating on reading posts. I am blown away by the hundreds of thousands of fellow travelers registered on this support site. It gives me great hope because I only have 1 BiPolar friend in my inner circle.,2024-01-25T17:41:33,False,bipolar
Has anyone become hypomanic after recovering from health issues?,"I have seasonal depression, but I usually have hypomanic episodes maybe once every 2-3 years. Two weeks ago I was told I had an 8mm kidney stone, which they had to blast with a laser to remove. The last two weeks have been hell, and I'm finally back to 100% this week. 

But now I'm feeling like I might be going up. I feel like I have electricity flowing through me. my chest feels tight, I feel hyper aware/focused, and I have so much energy. I'm sleeping fine because of my meds, and I'm not exercising yet because I want to give my body a little more time to heal, so I don't have a way to release the energy. 

I can't tell if this is the start of an actual episode or if I just feel fantastic after feeling like I wanted to die from pain.",2024-01-25T17:07:22,False,bipolar
Half the key to winning this is finding the right great doctor,"The other half is spiritual but that‚Äôs taboo here and finding with your doctor the right medicine combo and doses if needed. I actually miraculously got better after many years of hard work on my health materially and spiritually and seeking. My doctor concurs and I‚Äôm able to be well on lithium instead of heavy antipsychotics which I was on for years. I cleaned up my life nearly totally and that worked wonders. No major vices lots of virtues and a lot of different techniques to keep myself well and happily busy as the ‚Äúidle mind is the devil‚Äôs playground.‚Äù Meditation and music to relax proper diet proper exercise and as my doctor essential prescribed laughter and comedy movies. Moderation, self control temperance and humility. I‚Äôm doing great now and you can too! Believe it is possible and work towards it. Don‚Äôt listen to the echo chamber of those who haven‚Äôt gotten well yet. Much love. God bless everyone! Peace!",2024-01-25T05:38:17,False,bipolar
How were you able to get a job if you took off a long amount of time (1 yr+)?,I‚Äôve been off work for a long time now due to my mental health and I am still being advised to take more time. Every job I‚Äôve had my bosses have loved me and my work ethic but I tend to work and then crash all at once and need to leave. I‚Äôve never parted on bad terms though. My job history is very erratic but most of my jobs have been pretty good and on track for bigger things but now I‚Äôve been off so long I don‚Äôt know how I‚Äôll get back. I‚Äôd like to have a meaningful job that challenges me but I also feel like my brain hasn‚Äôt been challenged for so long now idk what I‚Äôm capable of. I can‚Äôt do service jobs (fast food or any restaurant work) or anything to do with transport/driving. I do have a university degree. Has anyone been in this situation and how did you combat it/where are you now?,2024-01-25T12:41:51,False,bipolar
Brain on fire - what should I do?,"I spoke with a duty worker today which was real rough shit because my psych team has been jerking me around about my med review, so I hate them and the meds they gave me before with a passion.

Side note: I think it‚Äôs kind of funny that I had to take their meds for a while cause I couldn‚Äôt sleep and maybe it‚Äôs a coincidence but I could sleep fine before they gave me that shit.

I want to do stuff, because theirs this kind of buzzing in my brain but I‚Äôm built of weak shit and can never run fast enough or work out well enough and also does anyone know how to get into a work out routine?

I‚Äôm looking for suggestions on things to do while I wait for my brother to get here (I‚Äôm kidnapping him to watch films with me) I want to start a creative project but I can‚Äôt write poetry because I‚Äôd want people to read it and like it but I‚Äôm not popular like that haha.

Any suggestions? And idea? Advice?

I‚Äôd accept anything but drinking and drugs because I‚Äôm trying to turn my life around in that front no matter how much I don‚Äôt really want to - still smoke like a factory though, I‚Äôm single handedly responsible for 12% of the worlds pollution or something (that‚Äôs a joke, I‚Äôm very much pro recycling)",2024-01-25T16:27:14,False,bipolar
I got bipolar tattoo,Have thought of getting it for many years. But it‚Äôs taken me a lot of time to come to terms with my diagnosis. Now this is a reminder of everything I‚Äôve been through and how I‚Äôm stable now and could have never imagined to get to this point. I hope everyone reaches their happiness and know that you are not alone,2024-01-24T08:46:45,False,bipolar
A poem that I wrote with whats left from my brain 5 minutes ago,"The pieces that spread
To all possibilities which exist
At one place and any place
The sharpest one makes its place as it
Has more gravity towards my existence
Choking and spitting the dark matter
Tears consist little dots
That spell my screams
And last bit of my will to live
Its not me that I see in the mirror
Its an empty shell of a body
I am not even aware of what I see
Or how it started and how much it messes me
The pieces that I cannot collect
To understand what is left from me
The voices say ""how about you jump under the subway""
The thing is sometimes my feet obey
I am in the subway that was supposed to end me
Going to the work, as any adult does
Weather is cold today, minus 8 degree
The pain is worse than my trembling body

It's just out of intellectualism ik, my native language is not English. But I hope someone understands me.",2024-01-25T07:14:34,True,bipolar
All I want to do is sleep,I have lost all motivation to work or do anything. I don't want to do chores. I don't want to play with the kids. I resent work. I know if I let my responsibilities go for too long I'll lose everything. Why can't I keep my motivation up? I just want to avoid all responsibility and sleep all day. What should I do?,2024-01-24T19:11:16,False,bipolar
Lingering sadness,"I had one of the worst depressive days of my life yesterday. I nearly took myself out at work in the bathroom. Now I'm feeling a bit better (thanks support systems) but I still have this lingering sadness. Like I made my mom cry when I admitted to her how I felt and what I wanted to do to myself and I feel bad I did that. Just a general pain, it's dull. I still have the urge to harm myself but it's less than yesterday. How do you guys deal with this?",2024-01-25T15:36:20,True,bipolar
THREE AM,"I can‚Äôt sleep‚Ä¶my heart is beating out of my chest‚Ä¶I can‚Äôt breathe. I can‚Äôt think‚Ä¶I‚Äôm scared. I don‚Äôt understand what‚Äôs been happening to me. I can‚Äôt relax‚Ä¶all the time I feel restless, like I‚Äôve made some mistake I need too correct. I get this feeling‚Ä¶makes me want to cut; so I do drugs and I drink. I have at least 10 instances of self harm on my body and several are burns. I‚Äôve just been diagnosed with bipolar disorder type 2.  I can‚Äôt tell what‚Äôs real and I never could. Only knowing that everything I do is for the right reason. I‚Äôm not going to hurt myself. I start my prescription tomorrow. It‚Äôs only that I can‚Äôt talk to anyone about this in real life. I‚Äôve lived like this‚Ä¶for years now, with only my mother knowing I experience at times: catatonic depression. Everyone I know always assumed I was ""normal"" and apparently, I‚Äôm high-functioning. The truth is I am ""normal"" in a way. I‚Äôm an accomplished young person living in a metro area with a lot of support from friends and family. A year ago, I had none of that. Except, who I am now I only became so they wouldn‚Äôt lock me up in the hospital lol. It amazes my psychiatrist: that I am able to do the most easily expected of tasks like keep a job, or have a social life, or not get drunk and high all day‚Äîeveryday. I tell her it‚Äôs by will, alone.",2024-01-25T09:33:55,True,bipolar
On the phone with no one,I have no friends or family to vent to. I use to trama dump with ever one when I was spiraling. The other day I pretended I was on the phone with someone. Not very long. But it calmed me down. Could this be harmful if I keep doing it? Does anyone else do this? I want to get it out without anyone including my therapist knowing my business. Since I had my first episode I haven't been able to keep any secrets. I'm so over that.,2024-01-25T00:00:39,False,bipolar
Psychologist wants me to go to the hospital,"I told her I was having suicidal thoughts a few nights ago and she wants me to go to the hospital. Picked an assessment place to go and wants me to go now. But I don‚Äôt feel suicidal right now, and haven‚Äôt since that night. I don‚Äôt think I did a good job of telling her that. She‚Äôs going to call me later to see if I went. I‚Äôm still in a depressive episode but not feeling that way at all, it was just that one night that it was really bad. I do NOT want to go to the hospital again if I‚Äôm not actively feeling that way. It‚Äôs miserable and can feel dehumanizing to be treated like a kid in there with no rights. She said she thinks I should get on disability because I haven‚Äôt been able to hold a full time job longer than 3 months in the past 2 years and going to the hospital will help with that too. 

I just want to know, will she have me forcefully admitted if I don‚Äôt go? If when she calls me later I make it clear I don‚Äôt feel that way now? That I‚Äôm not a danger to myself? I don‚Äôt even know if she‚Äôll believe me.

EDIT: I have decided to go as the thoughts have been coming back. I didn‚Äôt say this in the original post but I had made plans and that‚Äôs why she‚Äôs pushing me to go, along with disability reasons. I don‚Äôt want to go because the past two times I‚Äôve gone I‚Äôve been there a week and it‚Äôs miserable. But I need to go so I will. Thank you all for your advice. ",2024-01-24T22:05:10,True,bipolar
A patched up thing,"I was kicked from reality because I didn‚Äôt fit in anymore. The machine decided that I was malfunctioning. I was promised a refuge. Instead, I was altered. They stuffed me full of meta machines and watched as I changed. They made me a mirror. Now I just reflect everyone I see. They made me blank. Even if I explain that the machine is changing me, all they see is a broken part in need of fixing. Should we really fix what‚Äôs been made in nature? Who‚Äôs to say that this isn‚Äôt part of the human experience? This isn‚Äôt an illness. It‚Äôs nature. I will never take your machine again. #imanomad",2024-01-25T07:38:23,False,bipolar
Bipolar and sexuality,Is anyone with bipolar disorder 100% straight or has a manic episode and hyper sexuality led to experimenting with the same sex? At that point would you consider yourself gay or bisexual even if you have a partner of the opposite sex or would you just say experimenting is a result of mania.,2024-01-25T04:42:48,False,bipolar
i effing hate school,"i had to leave my university two months ago because i tried to hang myself there and then i went to the hospital so they let me do this next semester online. i just started today, not even started, i joined a zoom meeting for the class intro. i already want to off myself again. there is a deadline due tonight and i would genuinely rather go back to the hospital then turn that in. deadlines are way too fucking stressful and i love learning but god i hate school i hate it i hate it i hate it. it‚Äôs so SERIOUS. and i like need to get a degree to do anything and especially to do what i want to in the future, career-wise. i actually want to off myself tomorrow. i‚Äôm so tired of living and doing things and having to think with my brain. i want all of this to stop. its so stressful.",2024-01-25T01:50:40,False,bipolar
Any bipolar artists?,"Got diagnosed with unspecified bipolar earlier and I can say my meds are definitely working. At first they weren‚Äôt really working and I was still manic and made some bad decisions so I reached out to my psychiatrist and she told me to up my dosage with one more pill and I can say that my spending impulsivity is still there but I‚Äôve definitely chilled out on all the other weird hypomanic shit I was doing. 

Maybe I‚Äôm being dramatic but I feel like the best art I‚Äôve made was while I was feeling up, the colors were brighter I was so into making art and would just sit for hours and be able to create meaningful pieces but every thing just seems so much duller now on meds, colors aren‚Äôt as bright and it‚Äôs harder to find inspiration. 

Does anyone else struggle with this, my art is important and I want to continue to make art but I will not go off my meds to recreate that feeling I felt when I was unmedicated. If you‚Äôve dealt with this is there any advice on how to deal with this?",2024-01-24T21:53:20,False,bipolar
Paranoia?,"I was diagnosed with bipolar disorder in February of last year. This week I've been struggling hard. I've gone from super happy to super low to extremely numb. I'm currently not medicated because I can't afford it, the psychiatrist visits are expensive and I don't have healthcare but anyway. I recently rejoined TT ( I know curveball but it is important). I go through periods of liking TT to not. Everything was going great I love FN gameplay TTs and then all of a sudden I kept getting true crime TTs on my FYP. I love true crime. I've never had issues before. But I've noticed I'm stuck in a heighten mode of anxiety and paranoia. And I don't know if it's a bipolar thing or if I'm just sensitive rn ( I'm very empathetic.),I have never experienced this before. I get paranoid over health things, but I am constantly feeling like my life is in danger, and it's starting to piss me off. I wake up at 5:15 for work, and I've begun hesitating leaving my house because the backyard is super dark, and my brain is convinced someone's there. Idk what's wrong with me.",2024-01-25T12:38:23,False,bipolar
Yesterday I almost took my own life and now I feel such a failure,"I (F 31) wrote instructions t√¥ proceed after my death, cried all day but somehow I called the hotline suicide and a few hours later I talked to my therapist. They sad life has good moments too, but  I'm not sure... I feel sad that I didn't die (again). The suicidal thoughts didn't leave my head, I feel so hopeless... Also not medicated.",2024-01-25T03:51:21,True,bipolar
What do friendships look like for you?,"I have had very few positive examples of friendship in life and am trying to relearn how to be a good friend and what a healthy friendship looks like. After some observation, it seems that my personality disorder plays a huge part in how I engage in or even perceive friendships. 

So I'm curious about what the greater bipolar community thinks. Is friendship hard for you? Do you have many or keep a small circle? Do you talk every day? What activities do you do?",2024-01-24T20:13:03,False,bipolar
Talks about the future,"I am 3rd generation bipolar most in my family are functional adults then u get to my uncle and my self. My uncle has never and probably never will be able to live on his own because even when living with family he goes off his meds all he does is lay at home playing videogames . I've seen verious severity of this disease but ik I will never function in main streem society I can't work and can't go to school honestly  even going to doctors can be hard. Yesterday I was talking with my therapist who has been my therapist for 13 years she was telling me how proud of my growth  she was and we were talking about an. Up coming trip I'm trying to plan with my 7 year old niece currently because of my bipolar I am not allowed to babysit alone for long periods but a 2 hour flight there and back would be all I would have to be alone with her. This would be a really big step for my relationship with my brother and my relationship with my niece if I'm allowed my brother already said his concerns aren't with my capabilities to take care of his child but with her maturity which means the world to me. But this has brought up lots of thoughts and feelings about my future I am child free by choice.  I currently live with my parents and uncle but some day they will either live in an old folks home or die what will happen with me. Where will I go does anyone else have these concerns  I have been ""stable"" on my meds for a year  but I still cant live on my own",2024-01-25T08:00:22,True,bipolar
My car and I match,"‚Ä¶defective engine, close to empty, dirty, very very used, virtually useless‚Ä¶
but, no longer neglected. 
I gave her gas, washer fluid and I‚Äôm taking her in on Friday. 
I gave myself a shower and took a walk after 2 days of numbness /sleep. 
Baby steps for us both.",2024-01-25T02:58:32,False,bipolar
Depressed Episodes and Anxiety?,"Is it common to feel increased levels of anxiety during a depressive episode? I know it‚Äôs something that might generally be associated with manic/hypomanic episodes, but when I‚Äôm in a depressive episode I feel anxious and unaccomplished to the point that mental blocks are created. I can‚Äôt act on anything because even getting out of bed is difficult, so I sleep to escape the anxious awareness of my lack of and inability for productivity.",2024-01-25T05:42:56,False,bipolar
I was just diagnosed today. Psych said to take Seroquel every night.,"I feel like it was good advice and prescription because Seroquel does help. It just doesn't stop the thoughts. I feel like mentally violent even if I take it every day. I still had the motions, but at least I've started for that reason. For reference I took it every day that I was sober. Which ended up being like 3-4 weeks at a time. Makes sense. I just thought there would be something else to take.

But I finally got diagnosed with *some*thing. I always knew there was something but whenever I go to the docs I'm feeling fine, because if I didn't I wouldn't go to the doc. So I usually lie, ""yeah everything's been pretty okay"". Which is basically me screaming it isn't okay but what are they gonna do? It's up to me to be honest abouty emotions and when they hit.

My big thing is paranoia. Not about hallucinations but about like.. sometimes I'm convinced I know what someone is thinking and I act in that fashion. Until I find out they didn't think that at all and I just made it up. Then I find myself defending it by saying this action or that action caused me to act that way when I was only just mind reading.

I'm stoned right now so thanks for reading.",2024-01-25T01:49:40,False,bipolar
So depressed I can't keep my eyes open,I'm so depressed I can barely stay awake until my son's bedtime. I can't afford to be this depressed because I have shit I have to do and will be treated badly if I'm not able to complete the tasks expected of me. I had a 3 hour nap earlier and I'm still so tired that I feel like I've been drugged. No idea how to manage this. The antidepressant I'm on is paxil and that only helps my anxiety. Tired of taking all these meds and still feeling bad. They started me back on a low dose of lithium to help the SI thoughts. I don't care about anything anymore and I'm tired of living like this. I hate being forced to stay alive just because other people want me to. It's selfish of them IMO to force me to suffer daily because they want me around. What about what I want?,2024-01-25T01:26:04,False,bipolar
